source,type,description,whitelist_action
# TG225 B1（81 机，RCSIT）known_faults 预填模板——v5 附录 B 画像（2026-09-23）。
# 两项独立环境故障（v5 §12 结论 10）：FAN3 恒 0rpm、SEL #0x84（Slot/Connector）
# 每 ~8.5min 周期断言——均不作 SDC 证据。
# 入役安装（deploy_81machine.sh 打包的 deploy/ 副本 → 目标机数据根，monitor
# 每周期重读=热更新）：
#   install -m 644 known_faults.tg225b1.csv ~/sdc-excite-reproduce/known_faults.csv
# 注意（as-built 诚实边界）：本表只豁免**离散断言告警**（TRANSITION 行尾
# [known_fault:log_only]）；FAN3 0rpm 的**模拟量风扇联锁不查本表**——该联锁
# 行为与处置选项见入役清单 §2（用户决策点，不得静默绕过）。
# 传感器名按画像预填；若目标机 discrete_events.log 实际传感器名不同，以实测为准
# 修 source 列（monitor 侧 _sdr_norm 规范化后匹配）。
FAN3 Speed,sensor,TG225 B1 已知：FAN3 恒 0rpm（画像 2026-09-23）,log_only
Slot/Connector,sensor,TG225 B1 已知：SEL #0x84 周期断言（~8.5min，Fault Asserted）,log_only
