2026-10-09 09:00:06,35,63,46,35,28,282,33,33,40,34,282,220,1.20,20.52,245,45,28,12,12,12,11.94,12.06,0.91,0.89,1.25,1.25,1.25,1.23,36,36,39,35,0.89,0.89,0.80,0.80,1.20,1.19,11550,11550,0,0,0,6166,0,6563420,0,9685264,70,8,1
2026-10-09 09:01:16,35,63,46,35,28,276,33,33,40,34,276,218,1.20,20.52,245,45,28,12,12.06,12,12,12.06,0.91,0.89,1.25,1.25,1.25,1.23,36,36,39,35,0.88,0.89,0.80,0.80,1.20,1.19,11550,11550,0,0,0,6166,0,6570728,0,9689824,70,8,1
2026-10-09 09:02:26,35,63,46,35,28,276,33,33,40,34,276,218,1.20,20.52,245,45,28,12,12.06,12,12,12.06,0.91,0.89,1.25,1.25,1.25,1.23,36,36,39,35,0.89,0.89,0.80,0.80,1.20,1.19,11550,11550,0,0,0,6167,0,6551952,0,9694076,70,8,1
2026-10-09 09:03:36,35,63,46,35,28,276,33,33,40,34,276,220,1.20,19.98,245,45,28,12,12.06,12,12,12.06,0.91,0.89,1.25,1.25,1.25,1.24,36,36,39,35,0.89,0.88,0.80,0.80,1.20,1.19,11475,11550,0,0,0,6167,0,6564616,0,9716160,70,8,1
2026-10-09 09:05:04,35,63,46,35,28,270,33,33,40,34,270,218,1.20,20.52,245,45,28,12,12.06,12,12,12.06,0.91,0.89,1.25,1.25,1.25,1.23,36,36,39,35,0.88,0.89,0.80,0.80,1.20,1.19,11550,11550,0,0,0,6168,0,6547520,0,9666948,70,8,1
2026-10-09 09:06:16,35,63,46,35,28,270,33,33,40,34,270,218,1.20,19.98,245,45,28,12,12.06,12,12,12.06,0.91,0.89,1.25,1.25,1.25,1.24,36,36,39,35,0.89,0.89,0.80,0.80,1.20,1.19,11550,11550,0,0,0,6169,0,6569588,0,9742696,70,8,1
2026-10-09 09:07:26,35,63,46,35,28,270,33,33,40,34,270,220,1.20,19.98,245,45,28,12,12.06,12,12,12.06,0.91,0.89,1.25,1.25,1.25,1.23,36,36,39,35,0.89,0.89,0.80,0.80,1.20,1.19,11475,11550,0,0,0,6170,0,6565196,0,9686108,70,8,1
2026-10-09 09:08:37,35,63,46,35,28,270,33,33,40,34,270,218,1.20,20.52,245,45,28,12.06,12.06,12,12,12.06,0.91,0.89,1.25,1.25,1.25,1.23,36,36,39,35,0.89,0.89,0.80,0.80,1.20,1.19,11550,11550,0,0,0,6171,0,6556632,0,9680128,70,8,1
2026-10-09 09:09:47,35,63,46,35,28,270,33,33,40,34,270,218,1.20,20.52,245,45,28,12.06,12.06,12,12,12.06,0.91,0.89,1.25,1.25,1.25,1.24,36,36,39,35,0.88,0.89,0.80,0.80,1.20,1.19,11550,11550,0,0,0,6171,0,6555312,0,9681524,70,8,1
2026-10-09 09:11:16,35,63,46,35,28,270,33,33,40,34,270,218,1.20,19.98,245,45,28,12,12.06,12,12,12.06,0.91,0.89,1.25,1.25,1.25,1.24,36,36,39,35,0.88,0.89,0.80,0.80,1.20,1.19,11550,11550,0,0,0,6172,0,6543224,0,9682280,70,8,1
2026-10-09 09:12:26,35,63,46,35,28,276,33,33,40,34,276,218,1.20,20.52,245,45,28,12,12.06,12,12,12.06,0.91,0.89,1.25,1.25,1.25,1.24,36,36,39,35,0.89,0.89,0.80,0.80,1.20,1.19,11550,11550,0,0,0,6172,0,6541116,0,9682892,70,8,1
2026-10-09 09:13:36,35,63,46,35,28,276,33,33,40,34,276,218,1.20,19.98,245,45,28,12,12.06,12,12,12.06,0.91,0.89,1.25,1.25,1.25,1.24,36,36,39,35,0.89,0.89,0.80,0.80,1.20,1.19,11475,11625,0,0,0,6174,0,6524948,0,9655736,70,8,1
2026-10-09 09:14:47,35,72,51,35,28,318,33,33,40,34,318,218,1.50,23.76,287,45,28,12,12,12,12,12.06,0.91,0.89,1.25,1.25,1.25,1.23,36,36,40,35,0.87,0.87,0.80,0.80,1.20,1.19,11550,11550,0,0,0,6178,0,6588084,0,9870108,70,8,1
2026-10-09 09:16:06,35,75,53,35,28,318,33,33,40,34,318,218,1.50,23.76,287,46,28,12,12,12,12,12,0.91,0.89,1.25,1.25,1.25,1.24,36,36,42,37,0.87,0.87,0.80,0.80,1.20,1.19,11550,11550,0,0,0,6179,0,6600164,0,9868192,70,8,1
2026-10-09 09:17:44,35,76,53,36,28,318,33,33,40,34,318,218,1.50,23.76,294,46,28,12,12.06,12,12,12.06,0.91,0.89,1.25,1.25,1.25,1.23,36,37,42,38,0.87,0.87,0.80,0.80,1.20,1.19,11475,11550,0,0,0,6181,0,6602728,0,9864464,70,8,1
2026-10-09 09:19:02,35,77,53,36,28,324,31,31,40,35,324,218,1.50,23.76,287,46,28,12,12,12,11.94,12.06,0.91,0.89,1.25,1.25,1.25,1.23,37,37,42,38,0.87,0.87,0.80,0.80,1.20,1.19,11550,11550,0,0,0,6182,0,6611228,0,9777836,70,8,1
2026-10-09 09:20:22,35,77,54,36,28,324,31,31,40,35,324,218,1.50,24.30,294,47,28,12,12.06,12,11.94,12.06,0.91,0.89,1.25,1.25,1.25,1.23,37,37,42,38,0.87,0.87,0.80,0.80,1.20,1.19,11550,11550,0,0,0,6185,0,6601092,0,9789620,70,8,1
2026-10-09 09:21:41,35,77,54,37,28,330,31,31,40,35,330,218,1.50,24.84,301,47,29,12,12,12,12,12.06,0.91,0.89,1.25,1.25,1.25,1.23,37,37,42,38,0.87,0.87,0.80,0.80,1.20,1.19,11550,11550,0,0,0,6186,0,6600296,0,9789188,70,8,1
2026-10-09 09:23:00,35,77,54,37,28,324,31,31,40,35,324,220,1.50,24.30,294,47,29,11.94,12,12,12,12.06,0.91,0.89,1.25,1.25,1.25,1.23,37,37,42,38,0.87,0.87,0.80,0.80,1.20,1.19,11475,11550,0,0,0,6186,0,6600276,0,9783804,70,8,1
2026-10-09 09:24:38,35,77,55,37,28,324,30,30,40,35,324,218,1.50,24.30,294,47,29,12.06,12.06,12,12,12.06,0.91,0.89,1.25,1.25,1.25,1.24,37,38,42,38,0.87,0.87,0.80,0.80,1.20,1.19,11550,11550,0,0,0,6187,0,6608556,0,9776524,70,8,1
2026-10-09 09:25:57,35,77,55,37,28,324,30,30,40,35,324,218,1.50,24.30,301,47,29,12,12.06,12,12,12.06,0.91,0.89,1.25,1.25,1.25,1.23,37,38,42,38,0.87,0.87,0.80,0.80,1.20,1.19,11550,11550,0,0,0,6188,0,6606788,0,9772400,70,8,1
2026-10-09 09:27:16,35,78,54,37,28,324,30,30,40,35,324,218,1.50,24.30,294,47,29,12,12.06,12,11.94,12.06,0.91,0.89,1.25,1.25,1.25,1.23,37,38,42,38,0.87,0.87,0.80,0.80,1.20,1.19,11550,11550,0,0,0,6188,0,6597816,0,9780676,70,8,1
2026-10-09 09:28:35,35,78,54,37,28,318,30,30,40,35,318,220,1.50,23.76,294,47,29,12,12.06,12,12,12.06,0.91,0.89,1.25,1.25,1.25,1.23,37,38,42,38,0.87,0.87,0.80,0.80,1.20,1.19,11550,11550,0,0,0,6189,0,6595920,0,9780996,70,8,1
2026-10-09 09:29:54,35,78,54,37,28,324,30,30,40,35,324,220,1.50,23.76,294,47,29,12,12.06,11.94,12,12.06,0.91,0.89,1.25,1.25,1.25,1.23,37,38,42,38,0.87,0.87,0.80,0.80,1.20,1.19,11550,11550,0,0,0,6189,0,6594708,0,9779784,70,8,1
2026-10-09 09:31:32,35,78,54,37,28,324,30,30,40,35,324,218,1.50,24.30,294,47,28,12,12,12,12,12.06,0.91,0.89,1.25,1.25,1.25,1.23,37,38,42,38,0.87,0.87,0.80,0.80,1.20,1.19,11550,11550,0,0,0,6190,0,6597584,0,9782672,70,8,1
2026-10-09 09:32:51,35,78,54,37,28,324,30,30,40,35,324,218,1.50,24.30,294,47,28,12,12.06,12,12,12.06,0.91,0.89,1.25,1.25,1.25,1.23,37,38,42,38,0.87,0.87,0.80,0.80,1.20,1.19,11475,11550,0,0,0,6192,0,6591632,0,9782880,70,8,1
2026-10-09 09:34:10,35,78,54,37,28,324,30,30,40,35,324,218,1.50,24.30,294,47,28,12.06,12,12,12,12.06,0.91,0.89,1.25,1.25,1.25,1.23,37,38,42,38,0.87,0.87,0.80,0.80,1.20,1.19,11550,11550,0,0,0,6193,0,6593596,0,9769248,70,8,1
2026-10-09 09:35:29,35,78,54,37,28,330,30,30,40,35,330,218,1.50,23.76,294,47,28,12,12,12,12,12.06,0.91,0.89,1.25,1.25,1.25,1.23,37,38,42,38,0.87,0.87,0.80,0.80,1.20,1.19,11550,11550,0,0,0,6195,0,6598708,0,9771156,70,8,1
2026-10-09 09:36:49,35,78,55,37,28,330,30,30,40,35,330,218,1.50,24.30,294,47,29,12,12.06,12,12,12.06,0.91,0.89,1.25,1.25,1.25,1.23,37,38,42,38,0.87,0.87,0.80,0.80,1.20,1.19,11550,11625,0,0,0,6196,0,6591048,0,9780400,70,8,1
2026-10-09 09:38:26,35,78,54,37,28,330,30,30,40,35,330,218,1.50,24.30,294,47,29,12,12,12,12,12.06,0.91,0.89,1.25,1.25,1.25,1.23,37,38,42,38,0.87,0.87,0.80,0.80,1.20,1.19,11550,11550,0,0,0,6196,0,6583212,0,9768712,70,8,1
2026-10-09 09:39:46,35,78,55,37,28,324,30,30,40,35,324,218,1.50,24.30,294,47,29,12.06,12,11.94,12,12.06,0.91,0.89,1.25,1.25,1.25,1.23,37,38,42,38,0.87,0.87,0.80,0.80,1.20,1.19,11550,11550,0,0,0,6197,0,6583300,0,9774772,70,8,1
2026-10-09 09:41:05,35,78,54,37,28,324,30,30,40,35,324,218,1.50,23.76,294,47,29,12,12.06,12,12,12.06,0.91,0.89,1.25,1.25,1.25,1.23,37,38,42,38,0.87,0.87,0.80,0.80,1.20,1.19,11550,11550,0,0,0,6197,0,6583872,0,9770136,70,8,1
2026-10-09 09:42:24,35,78,54,37,28,324,30,30,40,35,324,218,1.50,24.30,301,47,29,12,12.06,12,12,12.06,0.91,0.89,1.25,1.25,1.25,1.24,38,38,42,38,0.87,0.87,0.80,0.80,1.20,1.19,11550,11550,0,0,0,6200,0,6587848,0,9771924,70,8,1
2026-10-09 09:43:43,35,78,54,37,28,324,30,30,40,35,324,218,1.50,24.30,301,47,29,12,12.06,12,12,12.06,0.91,0.89,1.25,1.25,1.25,1.24,37,38,42,38,0.87,0.87,0.80,0.80,1.20,1.19,11475,11625,0,0,0,6201,0,6570420,0,9779252,70,8,1
2026-10-09 09:45:21,35,78,55,37,28,324,30,30,40,35,324,218,1.50,24.84,294,47,29,12,12,12,12,12,0.91,0.89,1.25,1.25,1.25,1.24,37,38,42,38,0.87,0.87,0.80,0.80,1.20,1.19,11550,11550,0,0,0,6202,0,6569572,0,9767696,70,8,1
2026-10-09 09:46:40,35,78,55,37,28,330,30,30,40,35,330,218,1.50,24.30,294,47,29,12,12,12,12,12.06,0.91,0.89,1.25,1.25,1.25,1.23,37,38,42,38,0.87,0.87,0.80,0.80,1.20,1.19,11475,11550,0,0,0,6205,0,6572920,0,9783020,70,8,1
2026-10-09 09:47:59,35,78,54,37,28,324,30,30,40,35,324,218,1.50,24.30,294,47,29,12,12,12,12,12.06,0.91,0.89,1.25,1.25,1.25,1.24,37,38,42,38,0.87,0.87,0.80,0.80,1.20,1.19,11550,11550,0,0,0,6206,0,6571060,0,9781832,70,8,1
2026-10-09 09:49:19,35,78,54,37,28,324,29,29,40,35,324,218,1.50,24.30,301,47,29,12,12,12,12,12.06,0.91,0.89,1.25,1.25,1.25,1.23,37,38,42,38,0.87,0.87,0.80,0.80,1.20,1.19,11550,11550,0,0,0,6208,0,6569880,0,9783768,70,8,1
2026-10-09 09:50:38,35,78,55,37,28,324,29,29,40,35,324,218,1.50,23.76,294,47,29,12.06,12,12,12,12.06,0.91,0.89,1.25,1.25,1.25,1.24,37,38,42,38,0.87,0.87,0.80,0.80,1.20,1.19,11550,11550,0,0,0,6209,0,6576724,0,9768380,70,8,1
2026-10-09 09:52:17,35,78,54,37,28,324,29,29,40,35,324,218,1.50,23.76,294,47,29,12,12.06,12,12,12.06,0.91,0.89,1.25,1.25,1.25,1.23,37,38,42,38,0.87,0.87,0.80,0.80,1.20,1.19,11475,11550,0,0,0,6210,0,6567716,0,9768824,70,8,1
2026-10-09 09:53:36,35,78,54,37,28,324,29,29,40,35,324,218,1.50,24.30,294,47,28,12,12.06,11.94,12,12.06,0.91,0.89,1.25,1.25,1.25,1.24,37,38,42,38,0.87,0.87,0.80,0.80,1.20,1.19,11475,11550,0,0,0,6210,0,6573632,0,9769700,70,8,1
2026-10-09 09:54:53,35,78,54,37,28,324,29,29,40,35,324,218,1.50,24.30,301,47,28,12.06,12.06,12,11.94,12.06,0.91,0.89,1.25,1.25,1.25,1.24,37,38,42,38,0.87,0.87,0.80,0.80,1.20,1.19,11550,11550,0,0,0,6211,0,6511556,0,9767364,70,8,1
2026-10-09 09:56:12,35,79,54,37,28,324,29,29,40,35,324,216,1.50,24.30,294,47,28,12,12,12,12,12.06,0.91,0.89,1.25,1.25,1.25,1.23,37,38,42,38,0.87,0.87,0.80,0.80,1.20,1.19,11550,11550,0,0,0,6212,0,6565512,0,9769964,70,8,1
2026-10-09 09:57:31,35,78,54,37,28,324,29,29,40,35,324,218,1.50,23.76,294,47,29,12,12.06,12,12,12.06,0.91,0.89,1.25,1.25,1.25,1.24,37,38,42,38,0.87,0.87,0.80,0.80,1.20,1.19,11475,11550,0,0,0,6214,0,6559460,0,9778308,70,8,1
2026-10-09 09:59:08,35,78,54,37,28,330,29,29,40,35,330,218,1.50,24.30,294,47,29,12.06,12.06,12,12,12.06,0.91,0.89,1.25,1.25,1.25,1.23,37,38,42,38,0.87,0.87,0.80,0.80,1.20,1.19,11475,11550,0,0,0,6215,0,6548800,0,9781008,70,8,1
2026-10-09 10:00:28,35,78,54,37,28,324,29,29,40,35,324,218,1.50,24.30,294,47,28,12,12,12,12,12.06,0.91,0.89,1.25,1.25,1.25,1.23,37,38,42,38,0.87,0.87,0.80,0.80,1.20,1.19,11475,11550,0,0,0,6217,0,6551772,0,9780720,70,8,1
2026-10-09 10:01:47,35,78,54,37,28,324,29,29,40,35,324,218,1.50,24.30,294,47,29,12,12.06,12,12,12.06,0.91,0.89,1.25,1.25,1.25,1.23,37,38,42,38,0.87,0.87,0.80,0.80,1.20,1.19,11550,11550,0,0,0,6218,0,6559484,0,9768748,70,8,1
2026-10-09 10:03:06,35,78,54,37,28,324,29,29,40,35,324,218,1.50,23.76,294,47,29,12,12.06,12,12,12.06,0.91,0.89,1.25,1.25,1.25,1.23,37,38,42,38,0.87,0.87,0.80,0.80,1.20,1.19,11550,11550,0,0,0,6220,0,6554008,0,9767192,70,8,1
2026-10-09 10:04:25,35,78,54,37,28,324,30,30,40,35,324,218,1.50,24.30,294,47,29,12,12.06,12,11.94,12.06,0.91,0.89,1.25,1.25,1.25,1.23,37,38,42,38,0.87,0.87,0.80,0.80,1.20,1.19,11475,11550,0,0,0,6220,0,6548160,0,9781720,70,8,1
2026-10-09 10:06:03,35,78,54,37,28,318,30,30,40,35,318,218,1.50,24.30,294,47,28,12,12,12,12,12.06,0.91,0.89,1.25,1.25,1.25,1.23,37,38,42,38,0.87,0.87,0.80,0.80,1.20,1.19,11550,11550,0,0,0,6221,0,6545732,0,9769852,70,8,1
2026-10-09 10:07:20,35,78,54,37,28,330,30,30,40,35,330,218,1.50,24.30,294,47,28,12,12,12,12,12.06,0.91,0.89,1.25,1.25,1.25,1.23,37,38,42,38,0.87,0.87,0.80,0.80,1.20,1.19,11475,11550,0,0,0,6221,0,6539352,0,9766616,70,8,1
2026-10-09 10:08:38,35,78,54,37,28,324,29,29,40,35,324,218,1.50,24.30,294,47,29,12,12.06,11.94,12,12.06,0.91,0.89,1.25,1.25,1.25,1.24,37,38,42,38,0.87,0.87,0.80,0.80,1.20,1.19,11475,11550,0,0,0,6224,0,6540960,0,9775664,70,8,1
2026-10-09 10:09:57,35,78,54,37,28,324,29,29,40,35,324,218,1.50,24.30,294,47,29,12,12,12,12,12.06,0.91,0.89,1.25,1.25,1.25,1.23,37,38,42,38,0.87,0.87,0.80,0.80,1.20,1.19,11550,11550,0,0,0,6225,0,6549912,0,9770012,70,8,1
2026-10-09 10:11:16,35,78,55,37,28,324,29,29,40,35,324,218,1.50,24.30,301,47,28,12,12,12,12,12.06,0.91,0.89,1.25,1.25,1.25,1.23,37,38,42,38,0.87,0.87,0.80,0.80,1.20,1.19,11550,11550,0,0,0,6225,0,6536920,0,9768616,70,8,1
2026-10-09 10:12:54,35,78,55,37,28,324,29,29,40,35,324,218,1.50,23.76,301,47,29,12,12.06,12,12,12.06,0.91,0.89,1.25,1.25,1.25,1.23,37,38,42,38,0.87,0.87,0.80,0.80,1.20,1.19,11550,11550,0,0,0,6226,0,6535436,0,9769592,70,8,1
2026-10-09 10:14:13,35,78,55,37,28,318,30,30,40,35,318,218,1.50,23.76,301,47,29,12,12.06,12,12,12.06,0.91,0.89,1.25,1.25,1.25,1.23,37,38,42,38,0.87,0.87,0.80,0.80,1.20,1.19,11550,11550,0,0,0,6227,0,6542912,0,9843676,70,8,1
2026-10-09 10:15:32,35,78,54,37,28,318,30,30,40,35,318,218,1.50,23.76,294,47,29,12,12,12,12,12.06,0.91,0.89,1.25,1.25,1.25,1.23,37,38,42,38,0.87,0.87,0.80,0.80,1.20,1.19,11550,11550,0,0,0,6227,0,6531928,0,9847320,70,8,1
2026-10-09 10:16:51,35,78,54,37,28,324,30,30,40,35,324,218,1.50,23.76,294,47,29,12,12,12,12,12,0.91,0.89,1.25,1.25,1.25,1.24,37,38,42,38,0.87,0.87,0.80,0.80,1.20,1.19,11475,11550,0,0,0,6229,0,6525616,0,9854368,70,8,1
2026-10-09 10:18:10,35,78,54,37,28,324,30,30,40,35,324,218,1.50,23.76,301,47,29,12,12.06,12,12,12.06,0.91,0.89,1.25,1.25,1.25,1.23,37,37,42,38,0.87,0.87,0.80,0.80,1.20,1.19,11550,11550,0,0,0,6229,0,6529692,0,9848652,70,8,1
2026-10-09 10:19:48,35,78,54,37,28,324,30,30,40,35,324,218,1.50,23.76,294,47,29,12,12,12,12,12.06,0.91,0.89,1.25,1.25,1.25,1.23,37,37,42,38,0.87,0.87,0.80,0.80,1.20,1.19,11550,11550,0,0,0,6230,0,6533144,0,9768900,70,8,1
2026-10-09 10:21:07,35,78,54,37,28,324,30,30,40,35,324,218,1.50,24.30,301,47,28,12,12,12,12,12.06,0.91,0.89,1.25,1.25,1.25,1.23,37,38,42,38,0.87,0.87,0.80,0.80,1.20,1.19,11550,11550,0,0,0,6231,0,6527872,0,9765768,70,8,1
2026-10-09 10:22:26,35,78,54,37,28,318,30,30,40,35,330,218,1.50,24.30,294,47,29,12,12,12,12,12.06,0.91,0.89,1.25,1.25,1.25,1.23,37,38,42,38,0.87,0.87,0.80,0.80,1.20,1.19,11550,11550,0,0,0,6231,0,6532272,0,9773404,70,8,1
2026-10-09 10:23:45,35,78,55,37,28,330,30,30,40,35,324,218,1.50,24.30,294,47,29,12,12.06,11.94,12,12.06,0.91,0.89,1.25,1.25,1.25,1.23,37,38,42,38,0.87,0.87,0.80,0.80,1.20,1.19,11475,11550,0,0,0,7362,0,6523604,0,9753728,70,8,1
2026-10-09 10:25:04,35,78,55,37,28,318,30,30,40,35,318,218,1.50,24.30,308,47,28,12.06,12.06,12,12,12.06,0.91,0.89,1.25,1.25,1.25,1.23,37,38,42,38,0.87,0.87,0.80,0.80,1.20,1.19,11550,11550,0,0,0,7363,0,6575704,0,9777372,70,8,1
2026-10-09 10:26:42,35,78,54,37,28,324,30,30,40,35,324,218,1.50,24.30,294,47,29,12.06,12,11.94,12,12.06,0.91,0.89,1.25,1.25,1.25,1.23,37,38,42,38,0.87,0.87,0.80,0.80,1.20,1.19,11550,11550,0,0,0,7363,0,6591452,0,9784044,70,8,1
2026-10-09 10:28:01,35,78,54,37,28,324,30,30,40,35,324,218,1.50,24.30,294,47,29,12,12,12,12,12.06,0.91,0.89,1.25,1.25,1.25,1.23,37,38,42,38,0.87,0.87,0.80,0.80,1.20,1.19,11550,11550,0,0,0,7363,0,6592128,0,9791352,70,8,1
2026-10-09 10:29:20,35,78,54,37,28,324,30,30,40,35,324,218,1.50,23.76,294,47,29,12.06,12,12,12,12.06,0.91,0.89,1.25,1.25,1.25,1.23,37,38,42,38,0.87,0.87,0.80,0.80,1.20,1.19,11550,11550,0,0,0,7363,0,6587108,0,9787656,70,8,1
2026-10-09 10:30:39,35,78,55,37,28,324,30,30,40,35,324,218,1.50,24.30,294,47,29,12,12.06,12,12,12.06,0.91,0.89,1.25,1.25,1.25,1.23,37,38,42,38,0.87,0.87,0.80,0.80,1.20,1.19,11550,11550,0,0,0,7363,0,6589516,0,9778700,70,8,1
2026-10-09 10:31:58,35,78,55,37,28,324,30,30,40,35,324,218,1.50,24.30,294,47,29,12,12.06,12,12,12.06,0.91,0.89,1.25,1.25,1.25,1.23,37,38,42,38,0.87,0.87,0.80,0.80,1.20,1.19,11550,11550,0,0,0,7366,0,6591300,0,9776740,70,8,1
2026-10-09 10:33:36,35,78,54,37,28,324,30,30,40,35,324,218,1.50,23.76,294,47,29,12,12,12,12,12.06,0.91,0.89,1.25,1.25,1.25,1.23,37,38,42,38,0.87,0.87,0.80,0.80,1.20,1.19,11550,11550,0,0,0,7366,0,6588360,0,9786248,70,8,1
2026-10-09 10:34:55,35,78,55,37,28,330,30,30,40,35,330,218,1.50,24.30,294,47,29,12,12.06,12,12,12.06,0.91,0.89,1.25,1.25,1.25,1.23,37,38,42,38,0.87,0.87,0.80,0.80,1.20,1.19,11550,11550,0,0,0,7368,0,6583532,0,9788724,70,8,1
2026-10-09 10:36:14,35,78,55,37,28,324,30,30,40,35,324,218,1.50,24.30,294,47,28,12,12.06,12,12,12.06,0.91,0.89,1.25,1.25,1.25,1.23,37,38,42,38,0.87,0.86,0.80,0.80,1.20,1.19,11550,11550,0,0,0,7787,0,6559020,0,9973092,70,8,1
2026-10-09 10:37:34,35,78,54,37,28,324,30,30,40,35,324,218,1.50,24.30,294,47,29,12,12.06,12,12,12.06,0.91,0.89,1.25,1.25,1.25,1.23,37,38,42,38,0.87,0.87,0.80,0.80,1.20,1.19,11550,11550,0,0,0,7790,0,6563528,0,9971968,70,8,1
2026-10-09 10:38:53,35,78,54,37,28,324,30,30,40,35,324,218,1.50,23.76,294,48,29,12,12.06,12,12,12,0.91,0.89,1.25,1.25,1.25,1.23,37,38,42,38,0.87,0.87,0.80,0.80,1.20,1.19,11550,11550,0,0,0,7792,0,6559968,0,9972812,70,8,1
2026-10-09 10:40:31,35,78,55,37,28,324,30,30,40,35,324,218,1.50,24.30,294,47,28,12,12.06,12,12,12.06,0.91,0.89,1.25,1.25,1.25,1.23,37,38,42,38,0.87,0.87,0.80,0.80,1.20,1.19,11550,11550,0,0,0,7844,0,6345480,0,9868776,70,8,1
2026-10-09 10:41:51,35,78,55,37,28,324,30,30,40,35,324,218,1.50,24.30,294,47,29,12,12,12,12,12.06,0.91,0.89,1.25,1.25,1.25,1.23,37,38,42,38,0.87,0.87,0.80,0.80,1.20,1.19,11550,11550,0,0,0,7844,0,6322560,0,9895816,70,8,1
2026-10-09 10:43:09,35,78,55,37,28,324,30,30,40,35,324,218,1.50,24.30,301,47,28,12.06,12.06,12,12,12.06,0.91,0.89,1.25,1.25,1.25,1.23,37,38,42,38,0.87,0.87,0.80,0.80,1.20,1.19,11475,11550,0,0,0,7870,0,6285580,0,9901748,70,8,1
2026-10-09 10:44:28,35,78,55,37,28,330,30,30,40,35,330,218,1.50,24.30,294,48,29,12,12.06,12,12,12.06,0.91,0.89,1.25,1.25,1.25,1.23,37,38,42,38,0.87,0.87,0.80,0.80,1.20,1.19,11550,11550,0,0,0,8291,0,6246248,0,9872376,70,8,1
2026-10-09 10:45:47,35,78,54,37,28,324,30,30,40,35,324,218,1.50,24.30,301,47,29,12,12.06,12,11.94,12.06,0.91,0.89,1.25,1.25,1.25,1.23,37,38,42,38,0.87,0.87,0.80,0.80,1.20,1.19,11550,11550,0,0,0,8293,0,6249628,0,9896288,70,8,1
2026-10-09 10:47:22,35,78,55,37,28,324,30,30,40,35,324,218,1.50,23.76,294,47,29,12,12.06,12,12,12,0.91,0.89,1.25,1.25,1.25,1.23,37,38,42,38,0.87,0.87,0.80,0.80,1.20,1.19,11550,11550,0,0,0,8293,0,6253052,0,9886784,70,8,1
2026-10-09 10:48:41,35,78,55,37,28,324,30,30,40,35,324,218,1.50,24.30,294,47,29,12,12.06,12,11.94,12.06,0.91,0.89,1.25,1.25,1.25,1.23,37,38,42,38,0.87,0.87,0.80,0.80,1.20,1.19,11550,11550,0,0,0,8293,0,6260248,0,9886192,70,8,1
2026-10-09 10:50:00,35,78,55,37,28,324,30,30,40,35,324,218,1.50,24.30,301,47,29,12,12,12,12,12.06,0.91,0.89,1.25,1.25,1.25,1.23,37,38,42,38,0.87,0.87,0.80,0.80,1.20,1.19,11475,11550,0,0,0,8295,0,6258420,0,9880972,70,8,1
2026-10-09 10:51:19,35,78,55,37,28,324,30,30,40,35,324,218,1.50,24.30,294,47,29,12,12.06,12,12,12,0.91,0.89,1.25,1.25,1.25,1.23,37,38,42,38,0.87,0.87,0.80,0.80,1.20,1.19,11550,11550,0,0,0,8295,0,6245752,0,9893512,70,8,1
2026-10-09 10:52:38,35,78,54,37,28,324,30,30,40,35,324,218,1.50,24.30,301,47,29,12.06,12.06,12,12,12.06,0.91,0.89,1.25,1.25,1.25,1.23,37,38,42,38,0.87,0.87,0.80,0.80,1.20,1.19,11550,11550,0,0,0,8295,0,6251472,0,9877976,70,8,1
2026-10-09 10:54:16,35,78,55,37,28,324,30,30,40,35,318,218,1.50,23.76,294,47,29,12,12.06,12,12,12.06,0.91,0.89,1.25,1.25,1.25,1.23,37,38,42,38,0.87,0.87,0.80,0.80,1.20,1.19,11550,11550,0,0,0,8295,0,6248104,0,9885936,70,8,1
2026-10-09 10:55:35,35,78,54,37,28,324,30,30,40,35,324,218,1.50,24.30,294,47,29,12,12.06,12,12,12.06,0.91,0.89,1.25,1.25,1.25,1.23,37,38,42,38,0.87,0.87,0.80,0.80,1.20,1.19,11475,11550,0,0,0,8295,0,6248292,0,9878992,70,8,1
2026-10-09 10:56:55,35,78,55,37,28,324,30,30,40,35,324,218,1.50,23.76,294,47,29,12.06,12.06,12,12,12.06,0.91,0.89,1.25,1.25,1.25,1.23,37,38,42,38,0.87,0.87,0.80,0.80,1.20,1.19,11550,11550,0,0,0,8295,0,6240000,0,9889072,70,8,1
2026-10-09 10:58:14,35,78,55,37,28,318,30,30,40,35,318,218,1.50,23.76,301,48,29,12,12.06,12,11.94,12.06,0.91,0.89,1.25,1.25,1.25,1.23,38,38,42,38,0.87,0.87,0.80,0.80,1.20,1.19,11475,11550,0,0,0,8295,0,6243468,0,9879552,70,8,1
2026-10-09 10:59:33,35,78,55,37,28,324,30,30,40,35,324,218,1.50,24.30,301,48,29,12,12.06,12,12,12.06,0.91,0.89,1.25,1.25,1.25,1.23,37,38,42,38,0.87,0.87,0.80,0.80,1.20,1.19,11475,11550,0,0,0,8297,0,6233364,0,9897120,70,8,1
2026-10-09 11:01:08,35,78,54,37,28,324,30,30,40,35,324,218,1.50,24.30,301,48,29,12,12,12,12,12.06,0.91,0.89,1.25,1.25,1.25,1.23,37,38,42,38,0.87,0.87,0.80,0.80,1.20,1.19,11475,11550,0,0,0,8297,0,6222656,0,9892480,70,8,1
2026-10-09 11:02:27,35,78,54,37,28,324,30,30,40,35,324,216,1.50,23.76,294,47,29,12.06,12.06,12,12,12.06,0.91,0.89,1.25,1.25,1.25,1.23,37,38,42,38,0.87,0.87,0.80,0.80,1.20,1.19,11550,11550,0,0,0,8297,0,6232164,0,9897736,70,8,1
2026-10-09 11:03:46,35,78,55,37,28,330,30,30,40,35,330,218,1.50,24.30,294,48,29,12,12,12,12,12.06,0.91,0.89,1.25,1.25,1.25,1.23,37,38,42,38,0.87,0.87,0.80,0.80,1.20,1.19,11550,11550,0,0,0,8298,0,6194296,0,9894580,70,8,1
2026-10-09 11:05:05,35,79,55,37,28,324,30,30,40,35,330,218,1.50,24.84,301,48,29,12,12.06,12,11.94,12.06,0.91,0.89,1.25,1.25,1.25,1.24,38,38,43,38,0.87,0.87,0.80,0.80,1.20,1.19,11550,11550,0,0,0,8299,0,6184484,0,9886756,70,8,1
2026-10-09 11:06:24,35,78,55,37,28,324,30,30,40,35,324,218,1.50,23.76,294,48,29,12,12,12,11.94,12.06,0.91,0.89,1.25,1.25,1.25,1.24,37,38,43,38,0.87,0.87,0.80,0.80,1.20,1.19,11550,11550,0,0,0,8299,0,6205364,0,9882944,70,8,1
2026-10-09 11:08:02,35,78,55,37,28,330,30,30,40,35,330,216,1.50,24.30,301,48,28,12,12,12,11.94,12.06,0.91,0.89,1.25,1.25,1.25,1.23,38,38,43,38,0.87,0.87,0.80,0.80,1.20,1.19,11475,11550,0,0,0,8299,0,6195828,0,9894520,70,8,1
2026-10-09 11:09:22,35,78,55,37,28,324,30,30,40,36,324,216,1.50,23.76,294,48,29,12,12.06,12,12,12.06,0.91,0.89,1.25,1.25,1.25,1.23,38,38,42,38,0.87,0.87,0.80,0.80,1.20,1.19,11550,11550,0,0,0,8300,0,6202444,0,9886420,70,8,1
2026-10-09 11:10:41,35,78,55,37,28,324,30,30,40,35,324,218,1.50,23.76,294,48,29,12.06,12.06,11.94,12,12.06,0.91,0.89,1.25,1.25,1.25,1.23,38,38,43,38,0.87,0.87,0.80,0.80,1.20,1.19,11550,11550,0,0,0,8300,0,6197428,0,9886384,70,8,1
2026-10-09 11:12:00,35,78,55,37,28,330,30,30,40,36,330,218,1.50,24.30,301,48,29,12,12,11.94,12,12.06,0.91,0.89,1.25,1.25,1.25,1.23,38,38,43,38,0.87,0.87,0.80,0.80,1.20,1.19,11550,11550,0,0,0,8301,0,6194664,0,9884104,70,8,1
2026-10-09 11:13:19,35,78,55,37,28,324,30,30,40,36,324,218,1.50,24.30,294,48,29,12,12,12,12,12.06,0.91,0.89,1.25,1.25,1.25,1.23,38,38,42,39,0.87,0.87,0.80,0.80,1.20,1.19,11550,11550,0,0,0,8302,0,6196072,0,9893116,70,8,1
2026-10-09 11:14:57,35,78,54,37,28,318,30,30,40,36,318,218,1.50,23.76,294,48,29,12,12.06,12,12,12.06,0.91,0.89,1.25,1.25,1.25,1.23,38,38,42,38,0.87,0.87,0.80,0.80,1.20,1.19,11550,11550,0,0,0,8302,0,6190984,0,9964064,70,8,1
2026-10-09 11:16:16,35,78,54,37,28,318,30,30,40,35,318,218,1.50,23.76,294,48,29,12.06,12,12,12,12.06,0.91,0.89,1.25,1.25,1.25,1.24,38,38,43,38,0.87,0.87,0.80,0.80,1.20,1.19,11475,11550,0,0,0,8303,0,6185216,0,9971208,70,8,1
2026-10-09 11:17:35,35,78,54,37,28,318,30,30,40,36,318,218,1.50,23.76,294,47,29,12,12.06,12,12,12.06,0.91,0.89,1.25,1.25,1.25,1.23,38,38,43,38,0.87,0.87,0.80,0.80,1.20,1.19,11550,11550,0,0,0,8303,0,6184460,0,9960804,70,8,1
2026-10-09 11:18:55,35,78,54,37,28,324,30,30,40,36,324,218,1.50,24.30,294,47,29,12,12,12,12,12.06,0.91,0.89,1.25,1.25,1.25,1.23,38,38,43,38,0.87,0.87,0.80,0.80,1.20,1.19,11475,11550,0,0,0,8303,0,6179376,0,9968232,70,8,1
2026-10-09 11:20:14,35,78,54,37,28,324,30,30,40,36,324,216,1.50,24.30,301,48,29,12,12.06,12,12,12.06,0.91,0.89,1.25,1.25,1.25,1.23,38,38,43,38,0.87,0.87,0.80,0.80,1.20,1.19,11550,11550,0,0,0,8303,0,6176280,0,9885372,70,8,1
2026-10-09 11:21:52,35,78,55,37,29,318,30,30,40,36,318,218,1.50,24.30,294,48,29,11.94,12,12,12,12.06,0.91,0.89,1.25,1.25,1.25,1.23,38,38,43,39,0.87,0.87,0.80,0.80,1.20,1.19,11550,11550,0,0,0,8303,0,6185132,0,9879000,70,8,1
2026-10-09 11:23:11,35,78,55,37,29,336,30,30,40,36,336,218,1.50,24.30,294,48,29,11.94,12,11.94,12,12.06,0.91,0.89,1.25,1.25,1.25,1.23,38,38,43,39,0.87,0.87,0.80,0.80,1.20,1.19,11550,11550,0,0,0,8303,0,6182480,0,9881188,70,8,1
2026-10-09 11:24:30,35,78,55,37,29,318,30,30,40,36,318,216,1.50,24.84,301,48,29,12.06,12,11.94,12,12.06,0.91,0.89,1.25,1.25,1.25,1.23,38,38,43,39,0.87,0.87,0.80,0.80,1.20,1.19,11550,11550,0,0,0,8304,0,6180580,0,9895048,70,8,1
2026-10-09 11:25:50,35,78,55,37,29,324,30,30,40,36,318,216,1.50,23.76,294,48,29,12.06,12,12,12,12.06,0.91,0.89,1.25,1.25,1.25,1.23,38,38,43,39,0.87,0.87,0.80,0.80,1.20,1.19,11475,11550,0,0,0,8304,0,6178976,0,9877004,70,8,1
2026-10-09 11:27:09,35,78,55,37,29,330,30,30,40,36,330,216,1.50,24.30,301,48,29,12,12.06,12,12,12.06,0.91,0.89,1.25,1.25,1.25,1.24,38,38,43,39,0.87,0.87,0.80,0.80,1.20,1.19,11475,11550,0,0,0,8304,0,6182944,0,9875272,70,8,1
2026-10-09 11:28:48,35,78,55,37,29,324,30,30,40,36,324,216,1.50,24.30,301,48,29,12.06,12,12,12,12.06,0.91,0.89,1.25,1.25,1.25,1.23,38,38,43,39,0.87,0.87,0.80,0.80,1.20,1.19,11550,11550,0,0,0,8304,0,6180716,0,9876844,70,8,1
2026-10-09 11:30:07,35,78,55,37,29,318,30,30,40,36,324,218,1.50,24.30,294,48,29,12,12,11.94,12,12.06,0.91,0.89,1.25,1.25,1.25,1.24,38,38,43,39,0.87,0.87,0.80,0.80,1.20,1.19,11550,11550,0,0,0,8304,0,6179940,0,9876540,70,8,1
2026-10-09 11:31:26,35,78,55,37,29,324,30,30,40,36,324,218,1.50,24.30,301,48,29,12,12,12,12,12.06,0.91,0.89,1.25,1.25,1.25,1.24,38,38,43,39,0.87,0.87,0.80,0.80,1.20,1.19,11550,11550,0,0,0,8304,0,6180156,0,9872544,70,8,1
2026-10-09 11:32:46,35,78,55,37,29,324,30,30,40,36,324,218,1.50,24.30,294,48,29,12,12.06,12,11.94,12.06,0.91,0.89,1.25,1.25,1.25,1.24,38,38,43,39,0.87,0.87,0.80,0.80,1.20,1.19,11550,11550,0,0,0,8304,0,6169896,0,9884120,70,8,1
2026-10-09 11:34:03,35,78,55,37,29,330,30,30,40,36,318,218,1.50,24.30,294,48,29,12,12,12,12,12.06,0.91,0.89,1.25,1.25,1.25,1.23,38,38,43,39,0.87,0.87,0.80,0.80,1.20,1.19,11550,11550,0,0,0,8305,0,6176276,0,9875868,70,8,1
2026-10-09 11:35:42,35,78,55,37,29,324,30,30,40,36,324,218,1.50,24.30,301,48,29,12,12.06,12,12,12.06,0.91,0.89,1.25,1.25,1.25,1.23,38,38,43,39,0.87,0.87,0.80,0.80,1.20,1.19,11550,11550,0,0,0,8305,0,6180456,0,9879288,70,8,1
2026-10-09 11:37:01,35,78,55,37,29,324,30,30,41,36,324,218,1.50,23.76,294,48,29,12,12.06,12,12,12.06,0.91,0.89,1.25,1.25,1.25,1.23,38,38,43,39,0.87,0.87,0.80,0.80,1.20,1.19,11475,11550,0,0,0,8305,0,6176340,0,9874604,70,8,1
2026-10-09 11:38:21,35,78,55,37,29,324,30,30,41,36,324,218,1.50,24.30,294,48,29,12,12.06,12,11.94,12.06,0.91,0.89,1.25,1.25,1.25,1.23,38,38,43,39,0.87,0.87,0.80,0.80,1.20,1.19,11475,11550,0,0,0,8305,0,6180516,0,9858660,70,8,1
2026-10-09 11:39:40,35,78,55,37,29,330,30,30,40,36,330,218,1.50,24.30,301,48,29,11.94,12.06,12,12,12.06,0.91,0.89,1.25,1.25,1.25,1.23,38,38,43,39,0.87,0.87,0.80,0.80,1.20,1.19,11550,11550,0,0,0,8305,0,6175176,0,9867796,70,8,1
2026-10-09 11:40:59,35,78,55,37,29,324,30,30,40,36,324,218,1.50,24.30,294,48,29,12,12,12,12,12.06,0.91,0.89,1.25,1.25,1.25,1.23,38,38,43,39,0.87,0.87,0.80,0.80,1.20,1.19,11550,11550,0,0,0,8305,0,6175992,0,9865376,70,8,1
2026-10-09 11:42:38,35,78,55,37,29,324,30,30,41,36,324,218,1.50,23.76,294,48,29,12.06,12.06,12,12,12.06,0.91,0.89,1.25,1.25,1.25,1.23,38,38,43,39,0.87,0.87,0.80,0.80,1.20,1.19,11550,11550,0,0,0,8307,0,6181504,0,9853672,70,8,1
2026-10-09 11:43:57,35,78,55,38,29,324,30,30,40,36,324,216,1.50,24.30,301,48,29,12.06,12,12,12,12,0.91,0.89,1.25,1.25,1.25,1.23,38,38,43,39,0.87,0.87,0.80,0.80,1.20,1.19,11475,11550,0,0,0,8307,0,6175464,0,9863192,70,8,1
2026-10-09 11:45:17,35,78,55,37,29,324,30,30,41,36,324,218,1.50,24.30,301,48,29,12,12,12,12,12.06,0.91,0.89,1.25,1.25,1.25,1.23,38,38,43,39,0.87,0.87,0.80,0.80,1.20,1.19,11550,11550,0,0,0,8308,0,6175708,0,9861724,70,8,1
2026-10-09 11:46:36,35,78,55,38,29,324,30,30,41,36,324,218,1.50,23.76,294,48,29,12,12.06,12,12,12.06,0.91,0.89,1.25,1.25,1.25,1.23,38,38,43,39,0.87,0.87,0.80,0.80,1.20,1.19,11475,11550,0,0,0,8308,0,6172656,0,9864452,70,8,1
2026-10-09 11:56:34,35,69,48,35,28,306,30,30,40,35,306,218,1.35,22.68,259,46,29,12,12.06,12,12,12.06,0.91,0.89,1.25,1.25,1.25,1.24,36,37,40,35,0.88,0.89,0.80,0.80,1.20,1.19,11475,11475,0,0,0,1405,0,12465168,0,10705124,70,0,1
2026-10-09 11:58:02,35,65,47,36,29,270,30,30,40,35,270,218,1.20,19.98,252,46,29,12.06,12.06,12,12,12.06,0.91,0.89,1.25,1.25,1.25,1.23,37,37,40,36,0.89,0.89,0.80,0.80,1.20,1.19,11550,11475,0,0,0,1406,0,12661260,0,11236912,70,3,1
2026-10-09 11:59:13,35,64,47,36,28,276,30,30,40,35,276,216,1.20,20.52,252,46,29,12,12.06,12.06,12,12.06,0.91,0.89,1.25,1.25,1.25,1.24,37,37,40,35,0.89,0.89,0.80,0.80,1.20,1.19,11550,11550,0,0,0,1407,0,12683828,0,11239800,70,3,1
2026-10-09 12:00:23,35,64,47,36,29,276,30,30,40,35,276,218,1.20,19.98,252,46,29,12,12.06,12,12,12.06,0.91,0.89,1.25,1.25,1.25,1.24,37,37,40,35,0.88,0.88,0.80,0.80,1.20,1.19,11475,11550,0,0,0,1408,0,12683788,0,11177012,70,3,1
2026-10-09 12:01:33,35,64,47,36,28,270,32,32,41,35,270,216,1.20,20.52,245,46,29,12,12.06,12,12,12.06,0.91,0.89,1.25,1.25,1.25,1.23,37,37,40,35,0.89,0.89,0.80,0.80,1.20,1.19,11475,11550,0,0,0,1408,0,12662196,0,11179872,70,3,1
2026-10-09 12:02:43,35,64,47,35,28,276,32,32,40,35,276,216,1.20,19.98,245,46,29,12,12.06,12,12,12.06,0.91,0.89,1.25,1.25,1.25,1.23,36,37,40,35,0.88,0.89,0.80,0.80,1.20,1.19,11550,11550,0,0,0,1408,0,12634036,0,11149856,70,3,1
2026-10-09 12:04:10,35,64,47,35,28,276,32,32,40,35,270,216,1.20,20.52,245,46,29,12,12.06,12,12,12.06,0.91,0.89,1.25,1.25,1.25,1.24,36,37,40,35,0.89,0.89,0.80,0.80,1.20,1.19,11550,11550,0,0,0,1408,0,12625608,0,11143288,70,3,1
2026-10-09 12:05:21,35,64,47,35,28,270,32,32,40,35,270,216,1.20,20.52,245,46,29,12,12.06,12,12,12.06,0.91,0.89,1.25,1.25,1.25,1.23,36,37,40,35,0.89,0.89,0.80,0.80,1.20,1.19,11550,11550,0,0,0,1408,0,12621720,0,11115588,70,3,1
2026-10-09 12:06:31,35,64,47,35,28,276,33,33,40,35,270,216,1.20,20.52,252,46,28,12,12.06,12,12,12.06,0.91,0.89,1.25,1.25,1.25,1.24,36,37,40,35,0.88,0.89,0.80,0.80,1.20,1.19,11475,11475,0,0,0,1408,0,12587492,0,11114600,70,3,1
2026-10-09 12:07:41,35,64,47,35,28,276,33,33,40,35,270,218,1.20,19.98,245,46,29,12,12.06,12,12,12.06,0.91,0.89,1.25,1.25,1.25,1.24,36,37,40,35,0.89,0.89,0.80,0.80,1.20,1.19,11475,11550,0,0,0,1408,0,12569400,0,11114948,70,3,1
2026-10-09 12:08:52,35,64,47,35,28,276,33,33,40,35,276,216,1.20,20.52,245,46,29,12,12.06,12,12,12,0.91,0.89,1.25,1.25,1.25,1.23,36,37,40,35,0.89,0.89,0.80,0.80,1.20,1.19,11475,11550,0,0,0,1408,0,12543112,0,11093316,70,3,1
